{
  "Contact_Synching" : {
    "transaction" : "Contact_Synching",
    "sampleCount" : 1195,
    "errorCount" : 0,
    "errorPct" : 0.0,
    "meanResTime" : 310.90627615062766,
    "medianResTime" : 233.0,
    "minResTime" : 165.0,
    "maxResTime" : 3264.0,
    "pct1ResTime" : 528.4000000000001,
    "pct2ResTime" : 628.6000000000001,
    "pct3ResTime" : 978.2799999999997,
    "throughput" : 1.2086003800770064,
    "receivedKBytesPerSec" : 6.526914161939303,
    "sentKBytesPerSec" : 3.6163589497616684
  },
  "Get Logged in User Info" : {
    "transaction" : "Get Logged in User Info",
    "sampleCount" : 1246,
    "errorCount" : 0,
    "errorPct" : 0.0,
    "meanResTime" : 976.0995184590687,
    "medianResTime" : 822.5,
    "minResTime" : 488.0,
    "maxResTime" : 5625.0,
    "pct1ResTime" : 1564.6,
    "pct2ResTime" : 1917.6499999999999,
    "pct3ResTime" : 2873.479999999997,
    "throughput" : 1.2511484759786522,
    "receivedKBytesPerSec" : 1.1728752096125556,
    "sentKBytesPerSec" : 0.8345062588802924
  },
  "IBFT_Real" : {
    "transaction" : "IBFT_Real",
    "sampleCount" : 1060,
    "errorCount" : 317,
    "errorPct" : 29.90566,
    "meanResTime" : 48384.19622641509,
    "medianResTime" : 52463.0,
    "minResTime" : 2212.0,
    "maxResTime" : 60562.0,
    "pct1ResTime" : 60172.0,
    "pct2ResTime" : 60176.0,
    "pct3ResTime" : 60246.33,
    "throughput" : 1.0889184061110924,
    "receivedKBytesPerSec" : 0.4521342832862325,
    "sentKBytesPerSec" : 1.262252097708854
  },
  "Dashboard" : {
    "transaction" : "Dashboard",
    "sampleCount" : 1246,
    "errorCount" : 0,
    "errorPct" : 0.0,
    "meanResTime" : 8407.052166934187,
    "medianResTime" : 6257.5,
    "minResTime" : 1823.0,
    "maxResTime" : 27827.0,
    "pct1ResTime" : 17158.899999999998,
    "pct2ResTime" : 21171.649999999976,
    "pct3ResTime" : 26971.149999999998,
    "throughput" : 1.2278269335564311,
    "receivedKBytesPerSec" : 113.30612883862204,
    "sentKBytesPerSec" : 2.6355113280830427
  },
  "Add_Beneficiary" : {
    "transaction" : "Add_Beneficiary",
    "sampleCount" : 946,
    "errorCount" : 0,
    "errorPct" : 0.0,
    "meanResTime" : 1369.8065539112047,
    "medianResTime" : 857.5,
    "minResTime" : 197.0,
    "maxResTime" : 9411.0,
    "pct1ResTime" : 2366.3,
    "pct2ResTime" : 5688.099999999999,
    "pct3ResTime" : 7975.239999999997,
    "throughput" : 1.1122816588752082,
    "receivedKBytesPerSec" : 1.060972468236481,
    "sentKBytesPerSec" : 1.1448680356000678
  },
  "Get User Account Info" : {
    "transaction" : "Get User Account Info",
    "sampleCount" : 1246,
    "errorCount" : 0,
    "errorPct" : 0.0,
    "meanResTime" : 305.45505617977534,
    "medianResTime" : 206.0,
    "minResTime" : 158.0,
    "maxResTime" : 3597.0,
    "pct1ResTime" : 504.89999999999986,
    "pct2ResTime" : 811.549999999999,
    "pct3ResTime" : 1475.2599999999989,
    "throughput" : 1.2517090449540353,
    "receivedKBytesPerSec" : 1.0891335537637163,
    "sentKBytesPerSec" : 0.8801079222333061
  },
  "P2P" : {
    "transaction" : "P2P",
    "sampleCount" : 1173,
    "errorCount" : 403,
    "errorPct" : 34.35635,
    "meanResTime" : 43181.949701619815,
    "medianResTime" : 53366.0,
    "minResTime" : 334.0,
    "maxResTime" : 60607.0,
    "pct1ResTime" : 60172.0,
    "pct2ResTime" : 60177.3,
    "pct3ResTime" : 60270.12,
    "throughput" : 1.15779011130775,
    "receivedKBytesPerSec" : 0.4711696197059233,
    "sentKBytesPerSec" : 0.928342451156655
  },
  "Verify_OTP(IBFT)" : {
    "transaction" : "Verify_OTP(IBFT)",
    "sampleCount" : 946,
    "errorCount" : 946,
    "errorPct" : 100.0,
    "meanResTime" : 41481.439746300115,
    "medianResTime" : 60481.0,
    "minResTime" : 1221.0,
    "maxResTime" : 61953.0,
    "pct1ResTime" : 60554.3,
    "pct2ResTime" : 60786.55,
    "pct3ResTime" : 61068.77,
    "throughput" : 1.0405197759252762,
    "receivedKBytesPerSec" : 0.3392733537431764,
    "sentKBytesPerSec" : 0.8287753592323033
  },
  "Transaction" : {
    "transaction" : "Transaction",
    "sampleCount" : 946,
    "errorCount" : 946,
    "errorPct" : 100.0,
    "meanResTime" : 175801.6194503173,
    "medianResTime" : 178782.0,
    "minResTime" : 65918.0,
    "maxResTime" : 246195.0,
    "pct1ResTime" : 226539.90000000002,
    "pct2ResTime" : 231581.1,
    "pct3ResTime" : 235761.72,
    "throughput" : 1.0369020960548396,
    "receivedKBytesPerSec" : 9.368727662007732,
    "sentKBytesPerSec" : 9.325330378957025
  },
  "Total" : {
    "transaction" : "Total",
    "sampleCount" : 12319,
    "errorCount" : 2715,
    "errorPct" : 22.039127,
    "meanResTime" : 15850.082961279279,
    "medianResTime" : 1177.0,
    "minResTime" : 158.0,
    "maxResTime" : 62402.0,
    "pct1ResTime" : 60173.0,
    "pct2ResTime" : 60497.0,
    "pct3ResTime" : 60653.6,
    "throughput" : 11.903887630547546,
    "receivedKBytesPerSec" : 121.01794427837451,
    "sentKBytesPerSec" : 12.12899189615962
  },
  "Get User Account Transactions" : {
    "transaction" : "Get User Account Transactions",
    "sampleCount" : 1246,
    "errorCount" : 0,
    "errorPct" : 0.0,
    "meanResTime" : 7125.497592295348,
    "medianResTime" : 4892.0,
    "minResTime" : 713.0,
    "maxResTime" : 26990.0,
    "pct1ResTime" : 15519.799999999997,
    "pct2ResTime" : 20080.8,
    "pct3ResTime" : 25965.89,
    "throughput" : 1.2287810905777343,
    "receivedKBytesPerSec" : 111.17308950458475,
    "sentKBytesPerSec" : 0.9539853193450182
  },
  "Verify_TPIN(P2P)" : {
    "transaction" : "Verify_TPIN(P2P)",
    "sampleCount" : 1091,
    "errorCount" : 1049,
    "errorPct" : 96.15032,
    "meanResTime" : 37593.22273143907,
    "medianResTime" : 60168.0,
    "minResTime" : 1145.0,
    "maxResTime" : 62402.0,
    "pct1ResTime" : 60528.8,
    "pct2ResTime" : 60720.0,
    "pct3ResTime" : 61115.04,
    "throughput" : 1.1445944925176463,
    "receivedKBytesPerSec" : 0.3941039122103368,
    "sentKBytesPerSec" : 0.90612671971126
  },
  "Fetch_Title" : {
    "transaction" : "Fetch_Title",
    "sampleCount" : 1079,
    "errorCount" : 0,
    "errorPct" : 0.0,
    "meanResTime" : 331.680259499536,
    "medianResTime" : 222.0,
    "minResTime" : 170.0,
    "maxResTime" : 2311.0,
    "pct1ResTime" : 612.0,
    "pct2ResTime" : 784.0,
    "pct3ResTime" : 1279.600000000001,
    "throughput" : 1.1389774115128555,
    "receivedKBytesPerSec" : 0.4237796814320292,
    "sentKBytesPerSec" : 0.8152907964898595
  },
  "Get-Banks" : {
    "transaction" : "Get-Banks",
    "sampleCount" : 1091,
    "errorCount" : 0,
    "errorPct" : 0.0,
    "meanResTime" : 514.5820348304302,
    "medianResTime" : 516.0,
    "minResTime" : 166.0,
    "maxResTime" : 4460.0,
    "pct1ResTime" : 817.6000000000005,
    "pct2ResTime" : 1001.3999999999999,
    "pct3ResTime" : 1278.6799999999967,
    "throughput" : 1.143862459713185,
    "receivedKBytesPerSec" : 0.9394417271667859,
    "sentKBytesPerSec" : 0.8065123983524607
  }
}